quintile,mean,std,count
Q1,-0.0035190863844526974,0.013400645382786354,104
Q2,-0.002358265001352309,0.013485574881417692,104
Q3,-0.0006434688624951078,0.013240586967396469,104
Q4,0.0006081924571068851,0.012772245055997878,104
Q5,-0.0009451054322785941,0.014122244377882258,104
