quintile,mean,std,count
Q1,-0.0014836899283834453,0.009747591815888954,104
Q2,-0.0025519221198195786,0.017202107544162976,104
Q3,-0.0022182759867966093,0.011818529898613846,104
Q4,-0.0007965857739189044,0.015506286733673704,104
Q5,-0.0008249576425879119,0.0122506022750968,104
