quintile,mean,std,count
Q1,-0.000598857325164841,0.012571727633492819,104
Q2,-0.0010494498541133636,0.012899874489071574,104
Q3,-0.0036458398367858495,0.013494082390969102,104
Q4,0.0004095592572666249,0.01213082048251122,104
Q5,-0.0034332599943183223,0.014568807708479077,104
