quintile,mean,std,count
Q1,-0.0022095793522914353,0.01062539547397011,104
Q2,-0.00235277002320291,0.013848893448559435,104
Q3,-0.002258719272573695,0.0103805684570343,104
Q4,-0.0014453759803618287,0.016393270281444206,104
Q5,0.0007539665852594131,0.013618550499273269,104
