quintile,mean,std,count
Q1,-0.0021526219337652305,0.010730485576986302,104
Q2,-0.0017858054420096347,0.014451967676960735,104
Q3,-0.0018187565933743604,0.013194966953239922,104
Q4,-0.0006352154162569544,0.013482637011345028,104
Q5,-0.0011485573670273795,0.014544511005434446,104
