quintile,mean,std,count
Q1,-0.001900520016586757,0.010562694515885627,104
Q2,-0.0018369879420062165,0.013614742845495345,104
Q3,-0.0006462382218208503,0.011420274584276616,104
Q4,-0.0024070182504149626,0.013629149149224576,104
Q5,-0.0008762519765760067,0.015577274270212995,104
