quintile,mean,std,count
Q1,-0.002050029108950638,0.01168964480313787,104
Q2,-0.0010057697386861375,0.014095894314562853,104
Q3,-0.0021881912537940204,0.014245927655596456,104
Q4,-0.0010179564055798034,0.012309014178905172,104
Q5,-0.0013303011418713156,0.013643250219437015,104
