quintile,mean,std,count
Q1,-0.0008367571168896974,0.011611622075645714,104
Q2,-0.0015078016613576319,0.013729964328994954,104
Q3,-0.002431494049734459,0.014333636051186644,104
Q4,-0.0027167966772085146,0.014510921851509052,104
Q5,-0.0007060396556810225,0.012508868663641788,104
