quintile,mean,std,count
Q1,-0.0035040330077833965,0.012512168297639957,104
Q2,-0.0020033876692479146,0.014322892704875804,104
Q3,-0.0016138041620545136,0.013524258859491638,104
Q4,-4.337532752131747e-06,0.013039588853897114,104
Q5,0.0002603024600314833,0.014299194163401937,104
