quintile,mean,std,count
Q1,-0.00204534186061481,0.011564564393089453,104
Q2,-0.0021551666337294925,0.013246202652304258,104
Q3,-0.0004685440546433607,0.013502981910223645,104
Q4,-0.0014793959346673198,0.011501593944688124,104
Q5,-0.0014461427893948458,0.012256337956934588,104
