quintile,mean,std,count
Q1,-0.0015323552135926442,0.01254090369602629,104
Q2,-0.0028553722220484717,0.012621865537292973,104
Q3,-0.000937879468970542,0.012703903453570677,104
Q4,-0.002283257690235436,0.013336175672962282,104
Q5,-0.00024223421405475574,0.013908011756196237,104
