quintile,mean,std,count
Q1,-0.0019968056797277844,0.01098913316747092,104
Q2,-0.00018039843924390082,0.013641081714385567,104
Q3,-0.0010797330145603948,0.009704007533659062,104
Q4,-0.0014703381268247836,0.015189195710140338,104
Q5,-0.002891589619095419,0.014547090747527806,104
