quintile,mean,std,count
Q1,-0.00233852232609423,0.011977066823554943,104
Q2,-0.0018198916808325387,0.016016051129733748,104
Q3,-0.0010152544013371401,0.011681145857702604,104
Q4,-0.0010707782801174799,0.015561914451696211,104
Q5,-0.0012035685642696682,0.012925702881055183,104
