quintile,mean,std,count
Q1,-0.0007636867900263514,0.01160126893087375,104
Q2,-0.002373913524140881,0.013284479909664972,104
Q3,-0.0013665462864230632,0.011187643637790057,104
Q4,-0.00232505603947735,0.012649376367473405,104
Q5,-0.001406216168276413,0.01539657353636611,104
