quintile,mean,std,count
Q1,-0.0027261228112292813,0.01376267453994902,261
Q2,-0.0015712902983084287,0.014526034365975419,261
Q3,0.0012389335504711459,0.01308843874937051,261
Q4,0.001040166078507973,0.015553778394236044,261
Q5,0.0007448727346784873,0.0188302168262538,261
