quintile,mean,std,count
Q1,-0.0012821877994171548,0.014277943295192358,261
Q2,-0.0007414862794106096,0.012599750201622349,261
Q3,0.0012116200888391876,0.013452312708815474,261
Q4,0.00022804619193536187,0.013116254187327689,261
Q5,-0.0014113899149788439,0.021132955567965496,261
