quintile,mean,std,count
Q1,-0.0015316727027819114,0.012444311922047568,261
Q2,-0.0006785274331469285,0.014326116357929805,261
Q3,0.0001251400373805417,0.01396737283961424,261
Q4,3.159941108676585e-05,0.014458654224253156,261
Q5,0.00018280542611185202,0.020465065445053044,261
