quintile,mean,std,count
Q1,-0.0007530366144938538,0.011558219392310031,104
Q2,-0.001389995551796548,0.015275089966173959,104
Q3,-0.0008919851851875646,0.013889783208197434,104
Q4,-0.00221921967730641,0.01297297106222708,104
Q5,-0.0029865123832848724,0.013806442666757178,104
