quintile,mean,std,count
Q1,-0.0026649172911932502,0.012212202235312544,104
Q2,-0.0014118544779820137,0.01530863430377014,104
Q3,-0.0028139661079498684,0.011081146752525806,104
Q4,-0.001233195616966178,0.014269119537528546,104
Q5,0.0008391299363307026,0.01433879810522749,104
