quintile,mean,std,count
Q1,0.013117699542657707,0.06545462852892245,59
Q2,0.010248141251030352,0.053771562169441185,59
Q3,0.01388852522968748,0.07214568435147997,59
Q4,0.01661539042755192,0.05365028842259739,59
Q5,0.004647672353380351,0.06825007407777169,59
