quintile,mean,std,count
Q1,-0.0032846543888925216,0.013387417022254237,261
Q2,-0.0002746216027284429,0.014471591691759503,261
Q3,0.0006899405684950854,0.014108377375472644,261
Q4,0.0005678692828633172,0.012920961703341841,261
Q5,0.0013072911832140788,0.01981649782924339,261
