quintile,mean,std,count
Q1,-0.002450639331061252,0.012375966116989197,104
Q2,-0.0014303795324137193,0.013475921153027436,104
Q3,-0.002015815847364698,0.01265244687319543,104
Q4,-0.0010876723543615224,0.012147861743495638,104
Q5,-0.0004074354726254168,0.014178687536139961,104
