quintile,mean,std,count
Q1,-0.0038810492987681033,0.01363680867494656,104
Q2,-0.0015787360048706523,0.012679771965540229,104
Q3,-0.0006161041799918891,0.012570672572897469,104
Q4,-0.00017316677013247265,0.012016198820208154,104
Q5,-0.0004276955125510027,0.012947580807757961,104
