quintile,mean,std,count
Q1,-0.0029850973640443306,0.012282673783950274,104
Q2,-0.002571515241523117,0.01265944779012241,104
Q3,-0.0021011919722361935,0.012932315783176716,104
Q4,0.0014863711242456591,0.012625985142832972,104
Q5,-0.0009532942801180241,0.014505001093444783,104
